﻿<?xml version="1.0" encoding="utf-8" ?>
<configuration width="600" height="400" background="Silver">
	<modules>
		<module type="SlideViewer" />
		<module type="ProgressBar" />
		<module type="SlideDescription" >
			<option name="backgroundFill" value="#666666" />
			<option name="backgroundOpacity" value="0.8" />
			<option name="titleOpacity" value="0.5" />
			<option name="descriptionPaddingTop" value="5" />
		</module>
		<module type="NavigationTray">
			<option name="initialAlbumView" value="false" />
		</module>
	</modules>
	<transitions>
		<transition type="FadeTransition" name="CrossFadeTransition" />
		<transition type="ShapeTransition" name="CircleOutTransition" />
		<transition type="SlideTransition" name="SlideLeftTransition" />
		<transition type="SlideTransition" name="SlideDownTransition">
			<option name="direction" value="Down" />
		</transition>
		<transition type="WipeTransition" name="WipeRightTransition">
			<option name="direction" value="Right" />
		</transition>
	</transitions>
	<dataProvider type="XmlDataProvider" />
</configuration>