<?xml version="1.0" encoding="utf-8" ?>

<portfolio>

  <portfolioItem id="1" name="MyKipple.com" featuredItem="true">
    <summaryDescription>MyKipple.com is the result of following the tutorials in this book.</summaryDescription>
    <fullDescription>I created the MyKipple.com project to give the reader a good project with lots of functionality to work with when reading the book Sams Teach Yourself Microsoft Expression Web 2 in 24 Hours. Although it is not the most impressive project id does show off many of the features of the program as well as what can be done by using simple CSS techniques. The part I am most proud of is actually the Pure CSS drop-down menu which works so well that I am using it in many other sites as well.</fullDescription>
    <websiteAddress>http://www.mykipple.com</websiteAddress>
    <fullSizeImage>images/mykippleFront_lg.jpg</fullSizeImage>
    <thumbnailImage>images/mykippleFront_sm.jpg</thumbnailImage>
      <detailImages>
        <image>images/mykippleFront_lg.jpg</image>
        <image>images/mykipplecontact_lg.jpg</image>
      </detailImages>
  </portfolioItem>

  <portfolioItem id="2" name="Portfolio 2" featuredItem="true">
    <summaryDescription>Vestibulum diam. Phasellus tellus nisi, interdum ut, laoreet sed, lobortis sed, augue.Vestibulum diam. Phasellus tellus nisi, interdum ut, laoreet sed, lobortis sed, augue.</summaryDescription>
    <fullDescription>Vestibulum diam. Phasellus tellus nisi, interdum ut, laoreet sed, lobortis sed, augue. Suspendisse mi magna, luctus eget, consectetuer vitae, luctus condimentum, quam. Nullam sed ante pretium turpis laoreet facilisis. Morbi vitae metus. Nam posuere ante vitae est. Mauris porttitor sem nec odio. Fusce et risus. Fusce porttitor, mi id imperdiet venenatis, purus sapien imperdiet orci, vel varius dui dolor laoreet leo. Quisque purus leo, adipiscing eget, congue eu, commodo vel, neque. Integer volutpat, nulla a dignissim sollicitudin, lectus magna vestibulum purus, sit amet blandit sem risus id orci. </fullDescription>
    <websiteAddress>http://www.microsoft.com/products/expression/en/web_designer/default.mspx</websiteAddress>
    <fullSizeImage>images/about_lg.jpg</fullSizeImage>
    <thumbnailImage>images/about_sm.jpg</thumbnailImage>
      <detailImages>
        <image>images/about_lg.jpg</image>
        <image>images/contact_lg.jpg</image>
        <image>images/details_lg.jpg</image>
        <image>images/work_lg.jpg</image>
      </detailImages>  </portfolioItem>
  
  <portfolioItem id="3" name="Portfolio 3" featuredItem="true">
    <summaryDescription>Vestibulum diam. Phasellus tellus nisi, interdum ut, laoreet sed, lobortis sed, augue.</summaryDescription>
    <fullDescription>Vestibulum diam. Phasellus tellus nisi, interdum ut, laoreet sed, lobortis sed, augue. Suspendisse mi magna, luctus eget, consectetuer vitae, luctus condimentum, quam. Nullam sed ante pretium turpis laoreet facilisis. Morbi vitae metus. Nam posuere ante vitae est. Mauris porttitor sem nec odio. Fusce et risus. Fusce porttitor, mi id imperdiet venenatis, purus sapien imperdiet orci, vel varius dui dolor laoreet leo. Quisque purus leo, adipiscing eget, congue eu, commodo vel, neque. Integer volutpat, nulla a dignissim sollicitudin, lectus magna vestibulum purus, sit amet blandit sem risus id orci. </fullDescription>
    <websiteAddress>http://www.microsoft.com/products/expression/en/web_designer/default.mspx</websiteAddress>
    <fullSizeImage>images/about_lg.jpg</fullSizeImage>
    <thumbnailImage>images/about_sm.jpg</thumbnailImage>
      <detailImages>
        <image>images/about_lg.jpg</image>
        <image>images/contact_lg.jpg</image>
        <image>images/details_lg.jpg</image>
        <image>images/work_lg.jpg</image>
      </detailImages>  </portfolioItem>

  <portfolioItem id="4" name="Portfolio 4" featuredItem="false">
    <summaryDescription>Vestibulum diam. Phasellus tellus nisi, interdum ut, laoreet sed, lobortis sed, augue.</summaryDescription>
    <fullDescription>Vestibulum diam. Phasellus tellus nisi, interdum ut, laoreet sed, lobortis sed, augue. Suspendisse mi magna, luctus eget, consectetuer vitae, luctus condimentum, quam. Nullam sed ante pretium turpis laoreet facilisis. Morbi vitae metus. Nam posuere ante vitae est. Mauris porttitor sem nec odio. Fusce et risus. Fusce porttitor, mi id imperdiet venenatis, purus sapien imperdiet orci, vel varius dui dolor laoreet leo. Quisque purus leo, adipiscing eget, congue eu, commodo vel, neque. Integer volutpat, nulla a dignissim sollicitudin, lectus magna vestibulum purus, sit amet blandit sem risus id orci. </fullDescription>
    <websiteAddress></websiteAddress>
    <fullSizeImage>images/about_lg.jpg</fullSizeImage>
    <thumbnailImage>images/about_sm.jpg</thumbnailImage>
      <detailImages>
        <image>images/about_lg.jpg</image>
        <image>images/contact_lg.jpg</image>
        <image>images/details_lg.jpg</image>
        <image>images/work_lg.jpg</image>
      </detailImages>  </portfolioItem>

  <portfolioItem id="5" name="Portfolio 5" featuredItem="false">
    <summaryDescription>Vestibulum diam. Phasellus tellus nisi, interdum ut, laoreet sed, lobortis sed, augue.</summaryDescription>
    <fullDescription>Vestibulum diam. Phasellus tellus nisi, interdum ut, laoreet sed, lobortis sed, augue. Suspendisse mi magna, luctus eget, consectetuer vitae, luctus condimentum, quam. Nullam sed ante pretium turpis laoreet facilisis. Morbi vitae metus. Nam posuere ante vitae est. Mauris porttitor sem nec odio. Fusce et risus. Fusce porttitor, mi id imperdiet venenatis, purus sapien imperdiet orci, vel varius dui dolor laoreet leo. Quisque purus leo, adipiscing eget, congue eu, commodo vel, neque. Integer volutpat, nulla a dignissim sollicitudin, lectus magna vestibulum purus, sit amet blandit sem risus id orci. </fullDescription>
    <websiteAddress>http://www.microsoft.com/products/expression/en/web_designer/default.mspx</websiteAddress>
    <fullSizeImage>images/about_lg.jpg</fullSizeImage>
    <thumbnailImage>images/about_sm.jpg</thumbnailImage>
      <detailImages>
        <image>images/about_lg.jpg</image>
        <image>images/contact_lg.jpg</image>
        <image>images/details_lg.jpg</image>
        <image>images/work_lg.jpg</image>
        <image>images/about_lg.jpg</image>
        <image>images/contact_lg.jpg</image>
        <image>images/details_lg.jpg</image>
      </detailImages>
  </portfolioItem>

  <portfolioItem id="6" name="Portfolio 6" featuredItem="false">
    <summaryDescription>Vestibulum diam. Phasellus tellus nisi, interdum ut, laoreet sed, lobortis sed, augue.</summaryDescription>
    <fullDescription>Vestibulum diam. Phasellus tellus nisi, interdum ut, laoreet sed, lobortis sed, augue. Suspendisse mi magna, luctus eget, consectetuer vitae, luctus condimentum, quam. Nullam sed ante pretium turpis laoreet facilisis. Morbi vitae metus. Nam posuere ante vitae est. Mauris porttitor sem nec odio. Fusce et risus. Fusce porttitor, mi id imperdiet venenatis, purus sapien imperdiet orci, vel varius dui dolor laoreet leo. Quisque purus leo, adipiscing eget, congue eu, commodo vel, neque. Integer volutpat, nulla a dignissim sollicitudin, lectus magna vestibulum purus, sit amet blandit sem risus id orci. </fullDescription>
    <websiteAddress>http://www.microsoft.com/products/expression/en/web_designer/default.mspx</websiteAddress>
    <fullSizeImage>images/about_lg.jpg</fullSizeImage>
    <thumbnailImage>images/about_sm.jpg</thumbnailImage>
      <detailImages>
        <image>images/about_lg.jpg</image>
        <image>images/contact_lg.jpg</image>
        <image>images/details_lg.jpg</image>
        <image>images/work_lg.jpg</image>
      </detailImages>  </portfolioItem>

  <portfolioItem id="7" name="Portfolio 7" featuredItem="false">
    <summaryDescription>Vestibulum diam. Phasellus tellus nisi, interdum ut, laoreet sed, lobortis sed, augue.</summaryDescription>
    <fullDescription>Vestibulum diam. Phasellus tellus nisi, interdum ut, laoreet sed, lobortis sed, augue. Suspendisse mi magna, luctus eget, consectetuer vitae, luctus condimentum, quam. Nullam sed ante pretium turpis laoreet facilisis. Morbi vitae metus. Nam posuere ante vitae est. Mauris porttitor sem nec odio. Fusce et risus. Fusce porttitor, mi id imperdiet venenatis, purus sapien imperdiet orci, vel varius dui dolor laoreet leo. Quisque purus leo, adipiscing eget, congue eu, commodo vel, neque. Integer volutpat, nulla a dignissim sollicitudin, lectus magna vestibulum purus, sit amet blandit sem risus id orci. </fullDescription>
    <websiteAddress>http://www.microsoft.com/products/expression/en/web_designer/default.mspx</websiteAddress>
    <fullSizeImage>images/about_lg.jpg</fullSizeImage>
    <thumbnailImage>images/about_sm.jpg</thumbnailImage>
      <detailImages>
        <image>images/about_lg.jpg</image>
        <image>images/contact_lg.jpg</image>
        <image>images/details_lg.jpg</image>
        <image>images/work_lg.jpg</image>
      </detailImages>  </portfolioItem>

  <portfolioItem id="8" name="Portfolio 8" featuredItem="false">
    <summaryDescription>Vestibulum diam. Phasellus tellus nisi, interdum ut, laoreet sed, lobortis sed, augue.</summaryDescription>
    <fullDescription>Vestibulum diam. Phasellus tellus nisi, interdum ut, laoreet sed, lobortis sed, augue. Suspendisse mi magna, luctus eget, consectetuer vitae, luctus condimentum, quam. Nullam sed ante pretium turpis laoreet facilisis. Morbi vitae metus. Nam posuere ante vitae est. Mauris porttitor sem nec odio. Fusce et risus. Fusce porttitor, mi id imperdiet venenatis, purus sapien imperdiet orci, vel varius dui dolor laoreet leo. Quisque purus leo, adipiscing eget, congue eu, commodo vel, neque. Integer volutpat, nulla a dignissim sollicitudin, lectus magna vestibulum purus, sit amet blandit sem risus id orci. </fullDescription>
    <websiteAddress>http://www.microsoft.com/products/expression/en/web_designer/default.mspx</websiteAddress>
    <fullSizeImage>images/about_lg.jpg</fullSizeImage>
    <thumbnailImage>images/about_sm.jpg</thumbnailImage>
      <detailImages>
        <image>images/about_lg.jpg</image>
        <image>images/contact_lg.jpg</image>
        <image>images/details_lg.jpg</image>
        <image>images/work_lg.jpg</image>
      </detailImages>  </portfolioItem>

  <portfolioItem id="9" name="Portfolio 9" featuredItem="false">
    <summaryDescription>Vestibulum diam. Phasellus tellus nisi, interdum ut, laoreet sed, lobortis sed, augue.</summaryDescription>
    <fullDescription>Vestibulum diam. Phasellus tellus nisi, interdum ut, laoreet sed, lobortis sed, augue. Suspendisse mi magna, luctus eget, consectetuer vitae, luctus condimentum, quam. Nullam sed ante pretium turpis laoreet facilisis. Morbi vitae metus. Nam posuere ante vitae est. Mauris porttitor sem nec odio. Fusce et risus. Fusce porttitor, mi id imperdiet venenatis, purus sapien imperdiet orci, vel varius dui dolor laoreet leo. Quisque purus leo, adipiscing eget, congue eu, commodo vel, neque. Integer volutpat, nulla a dignissim sollicitudin, lectus magna vestibulum purus, sit amet blandit sem risus id orci. </fullDescription>
    <websiteAddress>http://www.microsoft.com/products/expression/en/web_designer/default.mspx</websiteAddress>
    <fullSizeImage>images/about_lg.jpg</fullSizeImage>
    <thumbnailImage>images/about_sm.jpg</thumbnailImage>
      <detailImages>
        <image>images/about_lg.jpg</image>
        <image>images/contact_lg.jpg</image>
        <image>images/details_lg.jpg</image>
        <image>images/work_lg.jpg</image>
      </detailImages>  </portfolioItem>

</portfolio>
