<?xml version="1.0" encoding="UTF-8"?>
<gallery>
	<album 
		title="Random Kipple" 
		description="Some random photos of my kipple"
		lgPath="large/" 
		tnPath="thumbs/" 
		tn="thumbs/bagOpennies.jpg">
			<img 
				src="bagOpennies.jpg" 
				title="Bag O' Pennies" 
				caption="A small hemp bag filled with pennies" />
			<img 
				src="camcorder.jpg" 
				title="Camcorder in Pieces" 
				caption="When it stopped working I picked this JVC camcorder apart" />
			<img 
				src="chocolate.jpg" 
				title="Russian Chocolate For Men" 
				caption="My sister-in-law brought this chocolate back from Russia" />
			<img 
				src="dogpile.jpg" 
				title="Seat Hoggers" 
				caption="We have a lot of stuffed animals. A plie of them live in a chair in my office" />
			<img 
				src="flatEric.jpg" 
				title="Flat Eric" 
				caption="lat Eric was the subject of a series of Levi's ads in the late -90s. I saved him from a store shelf" />
			<img 
				src="foundComputer.jpg" 
				title="Found Computer" 
				caption="An old computer that will eventually be turned into a server" />
			<img 
				src="gundam.jpg" 
				title="Gundam Mobile Suit" 
				caption="I love robots. Even though I'm not a big Gundam fan, I really like the models" />
			<img 
				src="instruments.jpg" 
				title="African Instruments and a Native Greenlandish Brain Teaser" 
				caption="I like natural folk art. These instruments and the brain teaser are good examples" />
			<img 
				src="oldLaptops.jpg" 
				title="Old Laptops and Other Outdated Gear" 
				caption="I can't get myself to throw away these old laptops and other outdated stuff" />
	</album>
</gallery>